<?xml version="1.0" encoding="UTF-8"?>
<project-private xmlns="http://www.netbeans.org/ns/project-private/1">
    <editor-bookmarks xmlns="http://www.netbeans.org/ns/editor-bookmarks/2" lastBookmarkId="0"/>
    <open-files xmlns="http://www.netbeans.org/ns/projectui-open-files/2">
        <group>
            <file>file:/C:/Users/Massimiliano/Desktop/U-Tris-main/TrisProgetto/src/trisproject/ClientTris.java</file>
            <file>file:/C:/Users/Massimiliano/Desktop/U-Tris-main/TrisProgetto/src/trisproject/Menù.java</file>
            <file>file:/C:/Users/Massimiliano/Desktop/U-Tris-main/TrisProgetto/src/trisproject/Bot.java</file>
            <file>file:/C:/Users/Massimiliano/Desktop/U-Tris-main/TrisProgetto/src/trisproject/ServerTris.java</file>
            <file>file:/C:/Users/Massimiliano/Desktop/U-Tris-main/TrisProgetto/src/trisproject/Griglia.java</file>
            <file>file:/C:/Users/Massimiliano/Desktop/U-Tris-main/TrisProgetto/src/trisproject/Online.java</file>
        </group>
    </open-files>
</project-private>
